{
  "project_info": {
    "project_number": "533577695371",
    "firebase_url": "https://blood-point-aa1fa.firebaseio.com",
    "project_id": "blood-point-aa1fa",
    "storage_bucket": "blood-point-aa1fa.appspot.com"
  },
  "client": [
    {
      "client_info": {
        "mobilesdk_app_id": "1:533577695371:android:88c6a7f5b3151bdd",
        "android_client_info": {
          "package_name": "com.example.csgraprojectmust.bloodpoint"
        }
      },
      "oauth_client": [
        {
          "client_id": "533577695371-9315b18ap3l67fkht4aqem08nco20jji.apps.googleusercontent.com",
          "client_type": 3
        }
      ],
      "api_key": [
        {
          "current_key": "AIzaSyDmgGHM4zquSAIHsfR4i7xFuaUCPbvznTE"
        }
      ],
      "services": {
        "appinvite_service": {
          "other_platform_oauth_client": [
            {
              "client_id": "533577695371-9315b18ap3l67fkht4aqem08nco20jji.apps.googleusercontent.com",
              "client_type": 3
            }
          ]
        }
      }
    }
  ],
  "configuration_version": "1"
}